{
  "default": [
    [
      0.8735439609123818,
      0.8545292718976929,
      0.8502069584087129,
      0.7803453077137287
    ],
    [
      0.9063807730088818,
      0.9015641610494126,
      0.8802832441641002,
      0.7886540809617733
    ],
    [
      0.9120083149651452,
      0.9041609812751149,
      0.850938262156824,
      0.7048647647231847
    ],
    [
      0.8718205951352018,
      0.8140889122704617,
      0.7972397140936467,
      0.7853452415250167
    ]
  ],
  "svm": [
    [
      0.8861728395061729,
      0.8768091168091169,
      0.8230789580789583,
      0.7459049332733544
    ],
    [
      0.9045539673359222,
      0.920608243297319,
      0.8874657088942803,
      0.7067040102754388
    ],
    [
      0.8936546336901158,
      0.8697540281636014,
      0.8917868385638935,
      0.7176853831496055
    ],
    [
      0.9238139825218478,
      0.8938514357053683,
      0.8161405386124486,
      0.7518015686381081
    ]
  ],
  "bayes": [
    [
      0.8415602347619893,
      0.859551656920078,
      0.8371407713564576,
      0.7349695026095705
    ],
    [
      0.8875382853234722,
      0.8511683371573481,
      0.8562224100685639,
      0.7611715692194038
    ],
    [
      0.8711718986825956,
      0.8647424355115593,
      0.7983558554052865,
      0.7142617186734834
    ],
    [
      0.8288389513108614,
      0.8227284247390693,
      0.760649188514357,
      0.7762999173111532
    ]
  ]
}