{
  "thank": {
    "precision": 1.0,
    "recall": 0.8571428571428571,
    "f1-score": 0.923076923076923,
    "support": 7,
    "confused_with": {
      "greet": 1
    }
  },
  "get_name": {
    "precision": 0.8846153846153846,
    "recall": 0.8846153846153846,
    "f1-score": 0.8846153846153846,
    "support": 26,
    "confused_with": {
      "affirm": 1,
      "inform": 1
    }
  },
  "inform": {
    "precision": 0.5,
    "recall": 0.3333333333333333,
    "f1-score": 0.4,
    "support": 18,
    "confused_with": {
      "get_service": 4,
      "request_schedule": 3
    }
  },
  "ask_service": {
    "precision": 0.972972972972973,
    "recall": 1.0,
    "f1-score": 0.9863013698630138,
    "support": 36,
    "confused_with": {}
  },
  "ask_worktime": {
    "precision": 1.0,
    "recall": 0.7333333333333333,
    "f1-score": 0.846153846153846,
    "support": 15,
    "confused_with": {
      "request_schedule": 3,
      "get_note": 1
    }
  },
  "get_note": {
    "precision": 0.0,
    "recall": 0.0,
    "f1-score": 0.0,
    "support": 7,
    "confused_with": {
      "deny": 4,
      "greet": 2,
      "inform": 1
    }
  },
  "ask_list_clinic": {
    "precision": 1.0,
    "recall": 1.0,
    "f1-score": 1.0,
    "support": 7,
    "confused_with": {}
  },
  "goodbye": {
    "precision": 0.8888888888888888,
    "recall": 0.8888888888888888,
    "f1-score": 0.8888888888888888,
    "support": 18,
    "confused_with": {
      "affirm": 1,
      "greet": 1
    }
  },
  "ask_address": {
    "precision": 1.0,
    "recall": 1.0,
    "f1-score": 1.0,
    "support": 7,
    "confused_with": {}
  },
  "affirm": {
    "precision": 0.7692307692307693,
    "recall": 0.7692307692307693,
    "f1-score": 0.7692307692307693,
    "support": 13,
    "confused_with": {
      "greet": 1,
      "goodbye": 1
    }
  },
  "greet": {
    "precision": 0.8333333333333334,
    "recall": 0.9722222222222222,
    "f1-score": 0.8974358974358975,
    "support": 36,
    "confused_with": {
      "ask": 1
    }
  },
  "request_schedule": {
    "precision": 0.8064516129032258,
    "recall": 0.8928571428571429,
    "f1-score": 0.8474576271186439,
    "support": 28,
    "confused_with": {
      "inform": 3
    }
  },
  "ask_timetodo": {
    "precision": 1.0,
    "recall": 1.0,
    "f1-score": 1.0,
    "support": 45,
    "confused_with": {}
  },
  "ask_codauko": {
    "precision": 1.0,
    "recall": 1.0,
    "f1-score": 1.0,
    "support": 28,
    "confused_with": {}
  },
  "deny": {
    "precision": 0.2,
    "recall": 0.25,
    "f1-score": 0.22222222222222224,
    "support": 4,
    "confused_with": {
      "get_note": 3
    }
  },
  "ask_price": {
    "precision": 0.9375,
    "recall": 1.0,
    "f1-score": 0.967741935483871,
    "support": 45,
    "confused_with": {}
  },
  "get_phone": {
    "precision": 1.0,
    "recall": 1.0,
    "f1-score": 1.0,
    "support": 26,
    "confused_with": {}
  },
  "ask": {
    "precision": 0.8888888888888888,
    "recall": 0.5714285714285714,
    "f1-score": 0.6956521739130435,
    "support": 14,
    "confused_with": {
      "greet": 2,
      "ask_price": 2
    }
  },
  "get_email": {
    "precision": 1.0,
    "recall": 1.0,
    "f1-score": 1.0,
    "support": 21,
    "confused_with": {}
  },
  "day_booking": {
    "precision": 1.0,
    "recall": 1.0,
    "f1-score": 1.0,
    "support": 34,
    "confused_with": {}
  },
  "get_gender": {
    "precision": 0.8888888888888888,
    "recall": 0.8888888888888888,
    "f1-score": 0.8888888888888888,
    "support": 9,
    "confused_with": {
      "affirm": 1
    }
  },
  "get_service": {
    "precision": 0.6923076923076923,
    "recall": 0.8181818181818182,
    "f1-score": 0.7500000000000001,
    "support": 11,
    "confused_with": {
      "inform": 1,
      "ask_price": 1
    }
  },
  "accuracy": 0.8945054945054945,
  "macro avg": {
    "precision": 0.8301399287286384,
    "recall": 0.8118237822783275,
    "f1-score": 0.8167120875859724,
    "support": 455
  },
  "weighted avg": {
    "precision": 0.8937472554904318,
    "recall": 0.8945054945054945,
    "f1-score": 0.8908211159480763,
    "support": 455
  }
}