{
  "request_schedule": {
    "precision": 0.8928571428571429,
    "recall": 0.8928571428571429,
    "f1-score": 0.8928571428571429,
    "support": 28,
    "confused_with": {
      "inform": 3
    }
  },
  "day_booking": {
    "precision": 1.0,
    "recall": 1.0,
    "f1-score": 1.0,
    "support": 34,
    "confused_with": {}
  },
  "get_note": {
    "precision": 0.0,
    "recall": 0.0,
    "f1-score": 0.0,
    "support": 7,
    "confused_with": {
      "inform": 2,
      "greet": 2,
      "ask_codauko": 2
    }
  },
  "get_phone": {
    "precision": 0.9285714285714286,
    "recall": 1.0,
    "f1-score": 0.962962962962963,
    "support": 26,
    "confused_with": {}
  },
  "ask_price": {
    "precision": 0.8490566037735849,
    "recall": 1.0,
    "f1-score": 0.9183673469387755,
    "support": 45,
    "confused_with": {}
  },
  "get_email": {
    "precision": 1.0,
    "recall": 0.9047619047619048,
    "f1-score": 0.9500000000000001,
    "support": 21,
    "confused_with": {
      "greet": 1,
      "get_phone": 1
    }
  },
  "ask_codauko": {
    "precision": 0.8888888888888888,
    "recall": 0.8571428571428571,
    "f1-score": 0.8727272727272727,
    "support": 28,
    "confused_with": {
      "get_service": 2,
      "inform": 1
    }
  },
  "ask": {
    "precision": 0.8181818181818182,
    "recall": 0.6428571428571429,
    "f1-score": 0.7200000000000001,
    "support": 14,
    "confused_with": {
      "ask_price": 3,
      "greet": 2
    }
  },
  "ask_list_clinic": {
    "precision": 0.875,
    "recall": 1.0,
    "f1-score": 0.9333333333333333,
    "support": 7,
    "confused_with": {}
  },
  "inform": {
    "precision": 0.55,
    "recall": 0.6111111111111112,
    "f1-score": 0.5789473684210527,
    "support": 18,
    "confused_with": {
      "get_service": 3,
      "request_schedule": 3
    }
  },
  "get_gender": {
    "precision": 0.0,
    "recall": 0.0,
    "f1-score": 0.0,
    "support": 9,
    "confused_with": {
      "greet": 4,
      "affirm": 3,
      "get_name": 2
    }
  },
  "thank": {
    "precision": 1.0,
    "recall": 0.7142857142857143,
    "f1-score": 0.8333333333333333,
    "support": 7,
    "confused_with": {
      "get_name": 2
    }
  },
  "ask_service": {
    "precision": 0.9473684210526315,
    "recall": 1.0,
    "f1-score": 0.972972972972973,
    "support": 36,
    "confused_with": {}
  },
  "goodbye": {
    "precision": 0.8947368421052632,
    "recall": 0.9444444444444444,
    "f1-score": 0.918918918918919,
    "support": 18,
    "confused_with": {
      "greet": 1
    }
  },
  "get_name": {
    "precision": 0.6923076923076923,
    "recall": 0.6923076923076923,
    "f1-score": 0.6923076923076923,
    "support": 26,
    "confused_with": {
      "greet": 4,
      "affirm": 2
    }
  },
  "ask_timetodo": {
    "precision": 1.0,
    "recall": 1.0,
    "f1-score": 1.0,
    "support": 45,
    "confused_with": {}
  },
  "ask_worktime": {
    "precision": 1.0,
    "recall": 0.8666666666666667,
    "f1-score": 0.9285714285714286,
    "support": 15,
    "confused_with": {
      "ask_list_clinic": 1,
      "get_phone": 1
    }
  },
  "greet": {
    "precision": 0.6296296296296297,
    "recall": 0.9444444444444444,
    "f1-score": 0.7555555555555556,
    "support": 36,
    "confused_with": {
      "ask": 2
    }
  },
  "ask_address": {
    "precision": 1.0,
    "recall": 1.0,
    "f1-score": 1.0,
    "support": 7,
    "confused_with": {}
  },
  "deny": {
    "precision": 0.0,
    "recall": 0.0,
    "f1-score": 0.0,
    "support": 4,
    "confused_with": {
      "affirm": 1,
      "greet": 1,
      "ask_codauko": 1
    }
  },
  "affirm": {
    "precision": 0.4166666666666667,
    "recall": 0.38461538461538464,
    "f1-score": 0.4,
    "support": 13,
    "confused_with": {
      "greet": 5,
      "get_name": 2
    }
  },
  "get_service": {
    "precision": 0.375,
    "recall": 0.2727272727272727,
    "f1-score": 0.3157894736842105,
    "support": 11,
    "confused_with": {
      "ask_price": 4,
      "inform": 2
    }
  },
  "accuracy": 0.8417582417582418,
  "macro avg": {
    "precision": 0.7162847788197612,
    "recall": 0.7149191717373536,
    "f1-score": 0.7112111273902116,
    "support": 455
  },
  "weighted avg": {
    "precision": 0.8112916446268695,
    "recall": 0.8417582417582418,
    "f1-score": 0.8219504918473769,
    "support": 455
  }
}